﻿{"cameraMode":{"drawMode":0,"name":"Shaded","section":"Shading Mode"},"sceneLighting":false,"audioPlay":false,"sceneViewState":{"showFog":true,"showMaterialUpdate":false,"showSkybox":false,"showFlares":true,"showImageEffects":true,"showParticleSystems":true},"in2DMode":false,"pivot":{"x":-2.2972352504730226,"y":4.281878471374512,"z":-0.8460855484008789},"rotation":{"x":-0.04902411252260208,"y":-0.9435282945632935,"z":-0.16245025396347047,"w":0.28472888469696047},"size":9.682759284973145,"orthographic":false}