﻿{"cameraMode":{"drawMode":0,"name":"Shaded","section":"Shading Mode"},"sceneLighting":false,"audioPlay":false,"sceneViewState":{"showFog":true,"showMaterialUpdate":false,"showSkybox":false,"showFlares":true,"showImageEffects":true,"showParticleSystems":true},"in2DMode":false,"pivot":{"x":20.900339126586915,"y":1.474342942237854,"z":-6.05121374130249},"rotation":{"x":-0.07542949169874191,"y":-0.6839360594749451,"z":0.07133118808269501,"w":-0.7221911549568176},"size":4.655773162841797,"orthographic":false}